pr_url,gt,claude_pred,combined_pred,combined_probability,respuesta,justificacion,claude_correct,combined_correct,agreement_claude_combined
https://api.github.com/repos/pallets/flask/pulls/3337,0,0,0,0.4946504,no mergear,"El contenido tecnico de fondo (usar una lista de diccionarios para bind params con nombre) puede ser util, pero la redaccion no cumple el estandar de documentacion oficial de Flask: tono poco profesional (""stupid"", quejas personales), errores ortograficos (""apparenlty""), y una afirmacion incorrecta de que ""Flask rompe SQLAlchemy"" cuando en realidad es un comportamiento propio de la API execute() de SQLAlchemy, no algo introducido por Flask. Ademas el bloque nuevo no sigue el formato RST/estilo del resto del archivo, lo que probablemente rompe el render de Sphinx. Se deberia reescribir con tono neutro, correccion tecnica precisa y formato RST adecuado antes de aceptarlo.",True,True,True
https://api.github.com/repos/netdata/netdata/pulls/1394,0,0,0,0.13589565,no mergear,"El diff introduce dos llamadas a lstat() cuando la intencion declarada (seguir symlinks, 'stat on symlink target') requiere que la segunda llamada sea stat() para resolver el destino del enlace simbolico. Con el codigo tal como esta, tstatbuf es identico a lstatbuf y el bug que se pretende arreglar no queda resuelto. Peor aun, puede causar una regresion real: para un symlink, lstat devuelve S_IFLNK, lo que hara que el chequeo de tipo de archivo rechace con 'Access Denied' archivos que antes se servian con normalidad. No hay tests que cubran esta funcion, por lo que el error pasaria inadvertido en CI.",True,True,True
https://api.github.com/repos/moment/moment/pulls/5180,0,1,1,0.57198554,mergear,"El cambio es minimo, autocontenido y corrige una inconsistencia linguistica real: en esloveno 'maj' ya es la forma corta de mayo, por lo que no deberia llevar punto de abreviacion, tal como ya ocurre de forma analoga en los locales sr.js y sr-cyrl.js (idiomas eslavos del sur muy proximos). El segundo commit actualiza correctamente el test correspondiente para reflejar el nuevo valor. No se detectaron referencias huerfanas al valor anterior ni impacto en otros locales, y el riesgo de romper algo es practicamente nulo dado el alcance acotado y la cobertura de test incluida en el mismo cambio.",False,False,True
https://api.github.com/repos/jquery/jquery/pulls/4452,1,1,1,0.92635965,mergear,"El commit corrige una regresion real introducida por el commit inmediatamente anterior del mismo repositorio, que habia agregado indebidamente una condicion que deshabilitaba el fast-path de querySelectorAll en el caso mas comun de uso (contexto de elemento). El bloque de codigo ya maneja explicitamente ese caso unas lineas mas abajo, por lo que la condicion eliminada era redundante e incorrecta. El diff es minimo (una linea), quirurgico, con mensaje de commit claro que referencia el issue relacionado (gh-4395), y la suite de tests de Sizzle portada en el commit anterior ejercita extensamente find() con contexto de elemento, brindando cobertura suficiente para validar el fix.",True,True,True
https://api.github.com/repos/h5bp/html5-boilerplate/pulls/2145,1,0,1,0.92457145,no mergear,"El commit solo revierte una linea de .gitignore pero no reintroduce ni genera el package-lock.json real, dejando el repo en un estado incompleto: nadie podria verificar que el lockfile resultante sea correcto o este sincronizado con package.json. Ademas, el README documenta soporte explicito tanto para npm como para yarn, y no existe un yarn.lock equivalente, por lo que forzar un lockfile especifico de npm rompe la paridad entre gestores de paquetes que el propio proyecto promueve. La justificacion citada (bug de npm resuelto) no viene acompanada de ninguna evidencia verificable, y no hay tests, CI ni documentacion actualizados para reflejar el nuevo flujo de trabajo.",False,True,False
https://api.github.com/repos/scrapy/scrapy/pulls/1799,0,1,1,0.8770247,mergear,"El cambio agrega un parámetro opcional text a LxmlLinkExtractor/LxmlParserLinkExtractor para personalizar la extraccion textual mediante XPath o funcion callable, manteniendo el comportamiento por defecto equivalente al anterior (string()). Es una extension aditiva, retrocompatible, bien encapsulada y acompañada de tests exhaustivos que cubren casos de XPath alternativos y precedencia. No se detecta riesgo de romper funcionalidad existente.",False,False,True
https://api.github.com/repos/scrapy/scrapy/pulls/1860,0,1,1,0.593506,mergear,"Es un cambio trivial y de bajo riesgo que solo agrega un comentario aclaratorio en la documentacion sobre MongoPipeline, indicando que los sub-items anidados deben convertirse a dict antes de insertarlos en MongoDB. No toca codigo ni tests, y mejora la claridad de la documentacion sin ningun efecto colateral.",False,False,True
https://api.github.com/repos/scrapy/scrapy/pulls/2064,0,1,0,0.27658778,mergear,"Agrega AzureFilesStore como nuevo backend opcional para FilesPipeline/ImagesPipeline, siguiendo el mismo patron que S3FilesStore ya existente, con importacion diferida del SDK de Azure para no forzar la dependencia. Es puramente aditivo (no modifica comportamiento de los backends existentes) y de bajo riesgo, aunque le faltan tests dedicados como los que si tiene S3FilesStore, lo cual seria deseable pedir antes de mergear pero no bloquea la funcionalidad.",False,True,False
https://api.github.com/repos/scrapy/scrapy/pulls/2450,0,0,1,0.8042725,no mergear,"El cambio condiciona la redireccion de stdout/stderr (LOG_STDOUT) a que ademas este configurado LOG_FILE, alterando un comportamiento documentado sin actualizar la documentacion de LOG_STDOUT para reflejar la nueva dependencia entre ambos settings. Ademas elimina la clase StreamLogger y su test asociado sin agregar cobertura para el nuevo camino de codigo (twisted_log.StdioOnnaStick), dejando el cambio de comportamiento sin verificar y potencialmente sorprendiendo a usuarios que solo configuran LOG_STDOUT=True.",True,False,False
https://api.github.com/repos/scrapy/scrapy/pulls/2669,0,0,0,0.07544883,no mergear,"El aporte real de esta serie de commits reemplaza el uso de robotparser de stdlib por la libreria reppy en el middleware de robots.txt, pero el codigo resultante esta roto: llama a Robots.fetch(response.url, ...), que realiza su propia peticion de red (contradiciendo el proposito de usar el response.body ya descargado por Scrapy), y ademas intenta parsear una variable body que nunca se asigna y queda siempre vacia. No se agregan tests para el nuevo comportamiento, se introduce una dependencia obligatoria pesada (reppy, que requiere compilacion en C y no es multiplataforma), y el archivo queda sin salto de linea final.",True,True,True
https://api.github.com/repos/scrapy/scrapy/pulls/3164,0,1,1,0.6194078,mergear,"Es un cambio puramente de documentacion que aclara como configurar logging manualmente cuando se usa CrawlerRunner en vez de CrawlerProcess (que ya llama a configure_logging automaticamente), eliminando un ejemplo redundante. No toca codigo ni tests, mejora la claridad y es consistente con el comportamiento real de scrapy.crawler.",False,False,True
https://api.github.com/repos/scrapy/scrapy/pulls/3442,1,1,0,0.35217255,mergear,"Agrega el setting DOWNLOADER_CLIENT_TLS_CIPHERS para personalizar los cifrados TLS del downloader HTTP/1.1, siguiendo el mismo patron que settings TLS existentes. El cambio es aditivo con valor por defecto ('DEFAULT') que preserva el comportamiento actual, incluye documentacion detallada y tests de integracion especificos que verifican tanto el cifrado personalizado como el comportamiento por defecto.",True,False,False
https://api.github.com/repos/scrapy/scrapy/pulls/3796,1,1,1,0.74937457,mergear,"Introduce una arquitectura de interfaz abstracta RobotParser en scrapy/robotstxt.py con implementaciones intercambiables via el nuevo setting ROBOTSTXT_PARSER (stdlib por defecto, mas reppy y rerp opcionales), corrigiendo exactamente los defectos de una propuesta previa similar: usa correctamente response.body ya descargado, valida la disponibilidad del parser al iniciar el middleware, y agrega stats de robots.txt. Mantiene retrocompatibilidad total y añade una suite de tests parametrizada por implementacion.",True,True,True
https://api.github.com/repos/scrapy/scrapy/pulls/3862,1,1,1,0.82502455,mergear,"Implementa Request.from_curl() para construir un Request a partir de un comando cURL, con un parser robusto que maneja metodo, headers, cookies, autenticacion basica, body, URLs sin esquema y opciones desconocidas. Cuenta con cobertura de tests extensa y variada, documentacion detallada incluyendo una advertencia clara sobre limitaciones, y el diseño fue iterado con multiples rondas de revision reflejadas en el historial de commits.",True,True,True
https://api.github.com/repos/scrapy/scrapy/pulls/3907,1,0,1,0.6999586,no mergear,"Los 4 commits (todos titulados genericamente ""Update _monkeypatches.py"") eliminan el workaround para el bug de Python < 2.7.4 que corrige el parseo de netloc en URLs con esquema s3:// (bug https://bugs.python.org/issue7904). Esto es riesgoso porque existe un test especifico (tests/test_urlparse_monkeypatches.py::test_s3_url) que verifica exactamente ese comportamiento, y que fallaria en esas versiones de Python si se quita el workaround. No hay justificacion en los mensajes de commit sobre por que se retira ese parche, ni se agregan tests o documentacion que respalden el cambio.",False,True,False
https://api.github.com/repos/scrapy/scrapy/pulls/3908,0,0,0,0.4587313,no mergear,"El cambio invierte el valor por defecto de ROBOTSTXT_OBEY de False a True, lo cual es un cambio de comportamiento retrocompatible-breaking que afectaria a todos los proyectos existentes que no configuran explicitamente este setting. No incluye actualizacion de tests, ni de documentacion, ni discusion de migracion/deprecacion.",True,True,True
https://api.github.com/repos/scrapy/scrapy/pulls/3909,0,0,0,0.07696434,no mergear,"El refactor introduce un bug real en scrapy/http/response/__init__.py: la property file_extension en la clase base siempre se evalua al acceder rompiendo el patron lazy de excepcion, y el mensaje de error ya no puede diferenciar tipos de forma tan directa. Ademas no actualiza los tests, y mezcla estilos. El riesgo de romper open_in_browser para respuestas no HTML/Text es alto y no esta validado.",True,True,True
https://api.github.com/repos/scrapy/scrapy/pulls/3910,1,1,1,0.7015392,mergear,"El cambio agrega una advertencia de deprecacion (ScrapyDeprecationWarning) al uso de la variable de entorno SCRAPY_PICKLED_SETTINGS_TO_OVERRIDE, que el propio codigo ya marcaba con un comentario ""XXX: remove this hack"". Es un cambio pequeño, aditivo, no rompe compatibilidad y sigue la convencion ya extendida en el proyecto.",True,True,True
https://api.github.com/repos/scrapy/scrapy/pulls/3923,1,1,1,0.8802349,mergear,"Es un cambio de configuracion de CI (fijar la distribucion Travis a ""trusty"") con justificacion clara en el mensaje de commit, referenciando un problema real de compatibilidad documentado en un issue vinculado. No afecta codigo de produccion ni tests, es de bajo riesgo.",True,True,True
https://api.github.com/repos/scrapy/scrapy/pulls/3930,0,0,1,0.7691683,no mergear,"El cambio renombra la clase publica JSONRequest a JsonRequest sin mantener un alias de compatibilidad ni una ruta de deprecacion, lo cual es un breaking change para cualquier codigo de usuario que importe scrapy.http.JSONRequest. Renombrar una API publica ya liberada sin alias retrocompatible ni warning de deprecacion no es aceptable para un proyecto maduro.",True,False,False
https://api.github.com/repos/scrapy/scrapy/pulls/3932,0,0,1,0.72224164,no mergear,"El modulo se introduce con el propio comentario ""STILL IN PROGRESS"" indicando que no esta terminado, ademas contiene errores evidentes como la clave 'text/*' en el diccionario _EXTENSIONS que nunca puede matchear un tipo MIME concreto, tipos mal escritos, y no incluye ningun test nuevo.",True,False,False
https://api.github.com/repos/scrapy/scrapy/pulls/3933,0,0,0,0.05820193,no mergear,"La nueva property host_ip ejecuta una resolucion DNS sincrona y bloqueante (gethostbyname) cada vez que se accede, lo cual puede colgar el reactor de Twisted (Scrapy es asincrono) y no maneja excepciones de resolucion fallida. Tampoco incluye tests, ni documentacion. El riesgo de introducir bloqueos de red inesperados en un framework de crawling asincrono es alto.",True,True,True
https://api.github.com/repos/scrapy/scrapy/pulls/3934,1,1,1,0.8449611,mergear,"Es una correccion trivial y correcta de un error tipografico en un comentario/docstring interno (serUrl -> setUrl), sin impacto funcional, sin riesgo, y no requiere tests adicionales dado que no cambia comportamiento.",True,True,True
https://api.github.com/repos/scrapy/scrapy/pulls/3935,1,1,1,0.88332397,mergear,"El cambio agrega soporte para un nuevo parser de robots.txt (Protego), siguiendo fielmente el patron arquitectonico ya establecido por PythonRobotParser y RerpRobotParser. Incluye tests nuevos reutilizando la suite base existente, actualiza la documentacion y tox.ini para incluir la nueva dependencia opcional. Es aditivo, no modifica comportamiento existente.",True,True,True
https://api.github.com/repos/scrapy/scrapy/pulls/3939,1,1,1,0.92666817,mergear,"El cambio mejora el mensaje de error de ScrapesContract para reportar todos los campos faltantes en lugar de solo el primero encontrado, lo cual es una mejora de usabilidad razonable y de bajo riesgo. Incluye un test nuevo especifico que verifica el nuevo formato del mensaje de error.",True,True,True
https://api.github.com/repos/scrapy/scrapy/pulls/3941,1,1,1,0.84183866,mergear,"El cambio corrige un bug real: las contraseñas en FEED_URI para FTP con caracteres especiales (RFC3986) no se desquotaban, causando fallos de autenticacion. La solucion usa unquote de forma correcta y minima, incluye un test especifico que verifica el desquoting con todo el conjunto de puntuacion.",True,True,True
https://api.github.com/repos/scrapy/scrapy/pulls/3946,1,1,1,0.8288805,mergear,"Es una refactorizacion de limpieza que mueve get_openssl_version a scrapy.utils.ssl y simplifica scrapy_components_versions, eliminando manejo de excepciones obsoleto para versiones antiguas de w3lib/cryptography que ya no son necesarias. El comportamiento funcional se preserva, el codigo queda mas simple y mejor organizado.",True,True,True
https://api.github.com/repos/scrapy/scrapy/pulls/3950,1,1,1,0.7921112,mergear,"Elimina ramas de compatibilidad condicional para versiones de Twisted/pyOpenSSL/service_identity anteriores a los minimos ya exigidos en setup.py, simplificando varios archivos de forma puramente mecanica sin cambiar comportamiento. Es deuda tecnica legitima de limpieza, coherente con los requisitos de dependencias ya declarados, y de bajo riesgo.",True,True,True
https://api.github.com/repos/scrapy/scrapy/pulls/3958,0,0,1,0.61185074,no mergear,"El cambio reemplaza io.StringIO por cStringIO.StringIO en Python 2 para leer mimedata que ya fue decodificado a texto unicode; cStringIO en PY2 es fragil con contenido unicode no-ASCII, mientras que io.StringIO es la opcion correcta y uniforme. No soluciona ningun problema real, no agrega ningun test, y deja espacios en blanco al final de linea.",True,False,False
https://api.github.com/repos/scrapy/scrapy/pulls/3966,1,1,1,0.8983687,mergear,"Agrega el setting ROBOTSTXT_USER_AGENT para permitir especificar un user-agent distinto al de la request al evaluar robots.txt, con documentacion completa, un default sensato (None, preservando el comportamiento anterior) y un test unitario que verifica el nuevo comportamiento.",True,True,True
https://api.github.com/repos/scrapy/scrapy/pulls/3972,0,1,1,0.7820719,mergear,"Introduce soporte experimental para el reactor asyncio de Twisted de forma cuidadosa, con importacion diferida para evitar instalar el reactor por defecto antes de tiempo. Incluye tests dedicados y un entorno tox/Travis especifico para verificar que el comportamiento por defecto no se rompe.",False,False,True
https://api.github.com/repos/scrapy/scrapy/pulls/4017,0,0,1,0.6238387,no mergear,"El codigo tiene un bug fatal que rompe la importacion del modulo: usa settings.getbool('HEADERS_KEEP') como atributo de clase sin que settings este definido ni importado en ese scope, y luego referencia la variable global inexistente HEADERS_KEEP en process_response en vez de self.HEADERS_KEEP. El modulo lanza NameError al ser importado.",True,False,False
https://api.github.com/repos/scrapy/scrapy/pulls/4018,0,1,1,0.71180296,mergear,"Es una correccion trivial de un typo en la documentacion de djangoitem.rst, sin ningun riesgo funcional ni necesidad de tests.",False,False,True
https://api.github.com/repos/scrapy/scrapy/pulls/4030,0,0,0,0.4077014,no mergear,"El cambio agrega import graypy de forma incondicional en scrapy/utils/log.py, convirtiendo una dependencia opcional en obligatoria para todo Scrapy, en vez de usar un import diferido o try/except como hace el resto del codigo. Ademas faltan los defaults GRAYLOG_* en default_settings.py pese a estar documentados, no hay ningun test para la nueva funcionalidad.",True,True,True
https://api.github.com/repos/spring-projects/spring-framework/pulls/23345,1,1,1,0.9379038,mergear,"El cambio introduce cachés basadas en ConcurrentReferenceHashMap para evitar recalcular interfaces via reflection en cada creacion de proxy de EntityManager/Query, un patron de optimizacion ya ampliamente usado en el resto del proyecto. Es funcionalmente equivalente al codigo anterior, no cambia comportamiento observable, y reduce alocaciones en un camino caliente.",True,True,True
https://api.github.com/repos/spring-projects/spring-framework/pulls/23401,1,1,1,0.8859021,mergear,"Es una correccion gramatical trivial en un comentario Javadoc (""The motivation ... are discussed"" a ""is discussed""), correcta desde el punto de vista de concordancia sujeto-verbo. No afecta codigo ni comportamiento, y no tiene ningun riesgo asociado.",True,True,True
https://api.github.com/repos/spring-projects/spring-framework/pulls/23439,1,1,1,0.9284382,mergear,"Corrige una representacion incorrecta de */* en Javadoc, reemplazando una entidad HTML que no se interpreta por otra que si se renderiza correctamente. La justificacion tecnica del autor es valida segun la especificacion de Javadoc, el cambio es aislado a dos archivos de documentacion.",True,True,True
https://api.github.com/repos/spring-projects/spring-framework/pulls/23445,1,0,1,0.87621707,no mergear,"El segundo commit (try-with-resources en DataSourceTransactionManager) es solido y consistente con un patron ya usado en el proyecto, pero el primer commit introduce un switch en AbstractStaxXMLReader con el unico ""} else {"" en la misma linea de todo el archivo, rompiendo la convencion de Spring de poner siempre else en su propia linea, y ademas deja el metodo hermano setFeature con el viejo estilo if/else, generando inconsistencia dentro del mismo archivo.",False,True,False
https://api.github.com/repos/spring-projects/spring-framework/pulls/23450,1,1,1,0.9262283,mergear,"Es una correccion trivial de un typo de documentacion (""picked u"" a ""picked up"") en un archivo AsciiDoc, sin ningun riesgo ni impacto funcional.",True,True,True
https://api.github.com/repos/spring-projects/spring-framework/pulls/23457,1,1,1,0.9119055,mergear,"Corrige un ejemplo de Javadoc en @EnableWebFlux que referenciaba configureMessageWriters, un metodo que ya no existe en WebFluxConfigurer (fue reemplazado por configureHttpMessageCodecs). El fix apunta al metodo real y vigente, aportando valor documental genuino.",True,True,True
https://api.github.com/repos/spring-projects/spring-framework/pulls/23458,1,1,1,0.87489474,mergear,"Reemplaza clases anonimas por lambdas en varios tests de spring-aop y usa OrderComparator.sort(list) en vez de Collections.sort(list, new OrderComparator()), verificado que ese metodo estatico existe y es equivalente. El patron de lambdas ya se usa en el mismo archivo antes del cambio, por lo que es consistente con el estilo existente.",True,True,True
https://api.github.com/repos/spring-projects/spring-framework/pulls/23470,1,0,1,0.9481262,no mergear,"El cambio reemplaza StringBuilder por concatenacion + en varios toString()/metodos de construccion de claves, pero deja el codigo inconsistente: FixedBackOff.toString() pasa a usar + mientras que ExponentialBackOff.toString(), en el mismo paquete y con proposito equivalente, sigue usando StringBuilder explicito. Ademas incluye un cambio no relacionado y de dudoso valor en HierarchicalUriComponents, mezclando refactors heterogeneos sin beneficio funcional claro.",False,True,False
https://api.github.com/repos/spring-projects/spring-framework/pulls/23478,1,1,1,0.8702306,mergear,"El diff neto (tras los propios reverts del autor) solo reemplaza dos loops manuales por Collections.addAll en AbstractEnvironment y AbstractPropertyResolver, un cambio funcionalmente equivalente, mas legible y consistente con el resto de la base de codigo. El autor mismo revirtio sensatamente las partes riesgosas, demostrando buen criterio.",True,True,True
https://api.github.com/repos/spring-projects/spring-framework/pulls/23487,1,1,1,0.9024375,mergear,"Corrige un parentesis desbalanceado en el ejemplo de codigo Javadoc de ContextHierarchy, donde faltaba cerrar el parentesis externo. Es un cambio trivial, de una sola linea por bloque, que no afecta codigo ejecutable ni tests.",True,True,True
https://api.github.com/repos/spring-projects/spring-framework/pulls/23519,1,1,1,0.9517923,mergear,"Agrega la etiqueta @since 5.2 a dos metodos recien introducidos en AbstractCachingViewResolver, siguiendo la convencion estandar de Spring de documentar la version de introduccion de nueva API publica. El cambio es minimo, coherente con el estilo del proyecto y sin ningun riesgo.",True,True,True
https://api.github.com/repos/spring-projects/spring-framework/pulls/23521,1,1,1,0.8707103,mergear,"Es una refactorizacion de infraestructura de build que centraliza toda la gestion de versiones de dependencias en el build.gradle raiz usando el plugin io.spring.dependency-management, eliminando la duplicacion de numeros de version dispersos en cada modulo. El cambio es extenso pero mecanico y consistente, y solo afecta al sistema de build, no a codigo de produccion.",True,True,True
https://api.github.com/repos/spring-projects/spring-framework/pulls/23555,1,1,1,0.91124225,mergear,"El cambio real de este PR corrige errores gramaticales recurrentes de ""a HTTP""/""an URL"" a ""an HTTP""/""a URL"" en Javadoc y comentarios a traves de varios modulos web, siguiendo la regla de pronunciacion correcta en ingles. Todos los cambios son puramente textuales dentro de comentarios y documentacion, no tocan logica de negocio ni tests.",True,True,True
https://api.github.com/repos/spring-projects/spring-framework/pulls/23591,1,1,1,0.8704299,mergear,"Añade integracion opcional (opt-in) con Gradle Enterprise para build scans, permitiendo establecer una linea base de tiempos de build antes de futuras optimizaciones con build caching. La decision de deshabilitar temporalmente org.gradle.caching esta justificada explicitamente en el mensaje de commit para obtener mediciones limpias.",True,True,True
https://api.github.com/repos/spring-projects/spring-framework/pulls/23597,1,1,1,0.8905679,mergear,"Corrige un bug real introducido en el commit anterior: la deteccion de Bamboo buscaba la variable de entorno bamboo.resultsUrl, pero los puntos no son validos en nombres de variables de entorno y Bamboo la expone como bamboo_resultsUrl. El fix ademas introduce el metodo isBamboo() reutilizado en dos lugares, mejorando la cohesion del script.",True,True,True
https://api.github.com/repos/spring-projects/spring-framework/pulls/23603,1,1,1,0.9298771,mergear,"Corrige de forma extensa pero consistente la gramatica ""a SQL/a SQLException/a SqlRowSet"" a ""an SQL/an SQLException/an SqlRowSet"" en Javadoc y comentarios de los modulos spring-jdbc y spring-tx, ya que ""SQL"" se pronuncia con sonido vocalico inicial. Todos los cambios estan confinados a comentarios y documentacion, sin tocar codigo ejecutable.",True,True,True
https://api.github.com/repos/laravel/laravel/pulls/5071,0,1,0,0.48010117,mergear,"El cambio agrega chdir(__DIR__.'/../') al bootstrap de tests para asegurar que el directorio de trabajo sea la raiz del proyecto antes de ejecutar comandos como config:cache y event:cache. Esto es coherente con el proposito del archivo y es un cambio minimo, seguro, sin romper nada existente.",False,True,False
https://api.github.com/repos/laravel/laravel/pulls/5072,1,0,1,0.8558984,no mergear,"El cambio agrega un enlace a ""Vapor"" en la vista de bienvenida por defecto de una aplicacion Laravel recien creada. Vapor es un producto comercial de pago de Laravel, y agregar su promocion en el scaffold por defecto de todos los proyectos nuevos no es apropiado para una plantilla neutral de arranque.",False,True,False
https://api.github.com/repos/laravel/laravel/pulls/5074,1,1,1,0.9269683,mergear,"Elimina la linea de traduccion 'password' en resources/lang/en/passwords.php, que corresponde a un mensaje de validacion que Laravel dejo de usar internamente en las versiones mas recientes del framework. Es un cambio trivial, coherente con mantener el archivo de idioma limpio y sin lineas muertas.",True,True,True
https://api.github.com/repos/laravel/laravel/pulls/5075,1,1,1,0.6800414,mergear,"Elimina la configuracion de Stripe de config/services.php con la justificacion de que ahora Cashier trae su propio archivo de configuracion dedicado. El cambio es coherente, reduce duplicacion, y viene de un colaborador reconocido del proyecto con un mensaje de commit claro que explica el motivo.",True,True,True
https://api.github.com/repos/laravel/laravel/pulls/5076,0,1,0,0.33911997,mergear,"Elimina los providers y facades del framework listados explicitamente en config/app.php, dejando solo los providers/aliases especificos de la aplicacion. Esto es consistente con el composer.json del repo, que ya apunta a laravel/framework ^6.0, version en la que el framework autoregistra sus providers y aliases automaticamente.",False,True,False
https://api.github.com/repos/laravel/laravel/pulls/5078,0,1,0,0.47445905,mergear,"Agrega /.vagrant al .gitignore, siguiendo el mismo patron que ya existe para otras carpetas/artefactos de entornos de desarrollo. Es un cambio trivial, de bajo riesgo, y mejora la higiene del repositorio para quienes usan Vagrant.",False,True,False
https://api.github.com/repos/laravel/laravel/pulls/5079,0,0,1,0.71195924,no mergear,"Agrega un badge de Gitter al README apuntando a un canal no verificado como oficial. El resto de badges en el README apuntan a servicios oficiales del proyecto, y no hay evidencia en el repo de que ese canal de Gitter sea un canal de comunicacion oficial mantenido por el equipo de Laravel.",True,False,False
https://api.github.com/repos/laravel/laravel/pulls/5081,0,0,0,0.35123226,no mergear,"El cambio agrega VerifyCsrfToken a middlewarePriority en Kernel.php, pero el mensaje de commit del propio autor indica incertidumbre sobre si la solucion es correcta. Este archivo es scaffolding usado por todos los proyectos nuevos de Laravel, por lo que un cambio de este tipo, sin tests ni justificacion solida, conlleva riesgo no justificado.",True,True,True
https://api.github.com/repos/laravel/laravel/pulls/5082,1,1,1,0.5146889,mergear,"Renombra una migracion para alinearse con la convencion ya usada en las migraciones base del scaffold, que usan timestamps redondeados en vez de la hora exacta de creacion del archivo. Es un cambio cosmetico, sin riesgo, que mejora la consistencia.",True,True,True
https://api.github.com/repos/laravel/laravel/pulls/5083,1,1,0,0.44544983,mergear,"Elimina el codigo manual que adjuntaba el header X-CSRF-TOKEN en resources/js/bootstrap.js, ya que Axios agrega automaticamente el header X-XSRF-TOKEN a partir de la cookie XSRF-TOKEN, y tanto el middleware VerifyCsrfToken como el TokenGuard de Passport ya aceptan ese header. El cambio elimina codigo redundante sin quitar funcionalidad real.",True,False,False
https://api.github.com/repos/laravel/laravel/pulls/5085,1,1,1,0.8669473,mergear,"El cambio actualiza el driver de Redis por defecto a phpredis, que es la extension C nativa recomendada por Laravel/Forge para produccion, mas rapida que la libreria predis en PHP puro. Tambien corrige el valor de cluster a redis, siendo coherente con la direccion que tomo Laravel en versiones posteriores.",True,True,True
https://api.github.com/repos/laravel/laravel/pulls/5086,0,1,0,0.44506097,mergear,"Elimina dos lineas obsoletas de .gitignore (Homestead.json, Homestead.yaml) que ya no tienen archivos asociados relevantes en este stub del proyecto. Es un cambio trivial de limpieza sin riesgo funcional.",False,True,False
https://api.github.com/repos/laravel/laravel/pulls/5087,0,1,0,0.28582504,mergear,"El middleware RedirectIfAuthenticated ahora devuelve una respuesta JSON 401 en vez de un redirect HTML cuando la peticion espera JSON, lo cual es el comportamiento estandar y esperado para APIs. La logica se invirtio correctamente y sigue siendo funcionalmente equivalente para peticiones no-JSON.",False,True,False
https://api.github.com/repos/laravel/laravel/pulls/5088,0,0,0,0.3866604,no mergear,"Cambiar el tipo de columna email de string (VARCHAR) a text para permitir 320 caracteres introduce un bug real: en MySQL no se puede crear un indice UNIQUE o INDEX sobre una columna TEXT sin especificar una longitud de prefijo, por lo que las migraciones fallaran al ejecutarse. Ademas hay tres commits redundantes que revierten y reintentan el mismo cambio.",True,True,True
https://api.github.com/repos/laravel/laravel/pulls/5089,0,0,0,0.0741815,no mergear,"Este cambio no tiene relacion con el proposito del framework: agrega un comando Artisan que envia una peticion HTTP POST a un dominio externo desconocido, commitea archivos de configuracion de IDE que no deberian versionarse, y ademas agrega un archivo .env con credenciales de ejemplo al repositorio quitandolo del .gitignore, lo cual es una mala practica de seguridad grave.",True,True,True
https://api.github.com/repos/laravel/laravel/pulls/5090,1,1,1,0.5812803,mergear,Cambio minimo y de bajo riesgo en .editorconfig que amplia la regla de indentacion de archivos YAML para cubrir tambien la extension .yaml ademas de .yml. Es puramente una configuracion de editor sin impacto en la logica de la aplicacion ni en tests.,True,True,True
https://api.github.com/repos/laravel/laravel/pulls/5091,1,1,1,0.75118804,mergear,"Migra el bootstrap de PHPUnit del patron antiguo basado en un script a la API de extensiones de PHPUnit 8, lo cual es compatible con la version fijada en composer.json. El nuevo Tests\Bootstrap reutiliza correctamente el trait CreatesApplication ya existente y preserva la funcionalidad original.",True,True,True
https://api.github.com/repos/laravel/laravel/pulls/5092,0,1,1,0.7069524,mergear,"Cambio trivial de configuracion que aumenta la retencion de logs diarios de 14 a 30 dias. No afecta logica de negocio ni requiere tests, es simplemente un valor por defecto razonable y de bajo riesgo.",False,False,True
https://api.github.com/repos/laravel/laravel/pulls/5093,0,0,1,0.63445777,no mergear,"El cambio fija la zona horaria por defecto a Asia/Tokyo y el locale a ja (japones) en config/app.php, lo cual tiene sentido solo para un fork o instalacion personalizada de un desarrollador especifico, pero es completamente inadecuado como valor por defecto del framework Laravel, que debe mantenerse neutral para todos los usuarios.",True,False,False
https://api.github.com/repos/laravel/laravel/pulls/5094,1,1,0,0.4575355,mergear,"Reemplaza valores hardcodeados de memoria/hilos/tiempo para el hashing Argon2 por las constantes nativas de PHP, evitando el error reportado en PHP 7.4 donde el costo de memoria fijo quedaba fuera del rango permitido. El proyecto ya requiere PHP ^7.2, por lo que estas constantes estan disponibles.",True,False,False
https://api.github.com/repos/laravel/laravel/pulls/5095,1,1,1,0.87648517,mergear,"Revierte limpiamente el commit anterior (#5094) que rompia password_hash() en PHP 7.4 al usar las constantes PASSWORD_ARGON2_DEFAULT_* (que en 7.4 son demasiado bajas). Es un revert de una sola linea de config, sin efectos colaterales, y soluciona una regresion real y bien documentada.",True,True,True
https://api.github.com/repos/laravel/laravel/pulls/5096,0,1,0,0.46377248,mergear,"Cambio trivial de una linea en .gitignore para ignorar el directorio /.vapor generado por Laravel Vapor. No afecta comportamiento de la aplicacion, es consistente con otras entradas ya presentes en el archivo.",False,True,False
https://api.github.com/repos/laravel/laravel/pulls/5098,0,1,1,0.50226563,mergear,"Corrige el valor de memoria de Argon2 a 8192 (8KB) citando el bug oficial de PHP #78516, ya que el valor 1024 dejado por el revert anterior seguia siendo insuficiente en PHP 7.4. Es una correccion puntual y bien fundamentada que continua la cadena de arreglos de este mismo archivo de configuracion.",False,False,True
https://api.github.com/repos/laravel/laravel/pulls/5099,0,0,0,0.04507408,no mergear,"Los 29 commits no representan un cambio funcional acotado sino el historial completo de un fork externo (HealthEngineAU) con namespace de rutas propio, reestructuracion de app/User.php a app/Models/User.php, phpcs.xml y configuraciones de CI propias, eliminacion de assets base de Laravel y merges cruzados de develop/master. Es un diff masivo, incoherente como propuesta unica para laravel/laravel.",True,True,True
https://api.github.com/repos/laravel/laravel/pulls/5101,0,1,1,0.8111566,mergear,"Corrige la expresion de memoria Argon2 para que use un valor de 1MB en PHP >= 7.4 y mantenga 1024 en versiones anteriores, resolviendo el problema de compatibilidad de forma mas robusta que los parches anteriores. Es un cambio de una sola linea, bien dirigido, que cierra la serie de fixes sobre config/hashing.php.",False,False,True
https://api.github.com/repos/laravel/laravel/pulls/5103,0,1,0,0.4367548,mergear,"Estandariza el uso de ""email"" en vez de ""e-mail"" en comentarios de configuracion, mensajes de usuario y el readme, lo cual es puramente cosmetico/documental y no toca ninguna logica de codigo. Es consistente con el uso moderno del termino y no presenta ningun riesgo.",False,True,False
https://api.github.com/repos/laravel/laravel/pulls/5104,0,1,1,0.6504546,mergear,"Agrega una llamada a config:clear en el hook executeAfterLastTest de tests/Bootstrap.php para evitar que quede cacheada la configuracion de .env.testing cuando se usan multiples archivos de entorno. Es un cambio pequeño, bien motivado y de bajo riesgo, coherente con el proposito del archivo.",False,False,True
https://api.github.com/repos/laravel/laravel/pulls/5108,0,1,0,0.38971734,mergear,"Reemplaza el favicon.ico vacio (0 bytes) por un icono real, un cambio cosmetico de bajo riesgo que mejora la experiencia por defecto del scaffold sin afectar codigo ni tests.",False,True,False
https://api.github.com/repos/laravel/laravel/pulls/5109,0,1,1,0.6040853,mergear,"Los 9 commits son en su mayoria merges rutinarios de master hacia develop, actualizaciones de CHANGELOG.md, el fix de Argon2 a 8KB y un reordenamiento alfabetico de imports aplicado automaticamente por StyleCI, todo coherente con el flujo normal de release del proyecto.",False,False,True
https://api.github.com/repos/laravel/laravel/pulls/5110,0,0,0,0.45488003,no mergear,"Renombrar el alias de la facade Redis a RedisManager en config/app.php es un cambio disruptivo (breaking change) para cualquier aplicacion que use Redis:: en codigo, vistas o paquetes de terceros, sin aportar ningun beneficio funcional claro. No hay justificacion en el commit ni tests que lo respalden.",True,True,True
https://api.github.com/repos/laravel/laravel/pulls/5111,0,1,0,0.45818067,mergear,"El cambio hace que el titulo de la pagina de bienvenida use config('app.name', 'Laravel') en lugar de un string fijo ""Laravel"", siendo consistente con como ya se usa config('app.name') en el resto de la aplicacion. Es una mejora pequeña, de bajo riesgo, coherente con el patron ya existente.",False,True,False
https://api.github.com/repos/laravel/laravel/pulls/5114,0,1,0,0.39481667,mergear,"El cambio solo reordena el uso de traits para conformar con el estandar PSR-12, sin alterar ninguna logica funcional. Es un cambio puramente de estilo, de bajo riesgo, y mejora la consistencia con estandares de codificacion ampliamente aceptados en el ecosistema PHP.",False,True,False
https://api.github.com/repos/laravel/laravel/pulls/5115,0,0,0,0.4853886,no mergear,"Actualizar laravel-mix de ^4.0.7 a ^5.0 en el package.json es un bump de version mayor que probablemente rompe la configuracion de build existente. No incluye ningun ajuste al webpack.mix.js ni verificacion de que el build siga funcionando, por lo que el riesgo de romper el pipeline de frontend es alto sin evidencia de haberlo probado.",True,True,True
https://api.github.com/repos/laravel/laravel/pulls/5116,0,0,1,0.6055046,no mergear,"Bump de cross-env de ^5.1 a ^6.0 es una actualizacion de version mayor de una dependencia de desarrollo sin ninguna prueba de que siga siendo compatible con el resto del stack. Al ser un cambio de version mayor sin justificacion tecnica ni testing, no se puede garantizar que no rompa el flujo de build.",True,False,False
https://api.github.com/repos/laravel/laravel/pulls/5118,0,0,1,0.77435714,no mergear,"Se agrega una clave data_invalid a resources/lang/en/validation.php, pero no hay ningun lugar en el codigo de este repositorio que use esa clave; el mensaje real por defecto de ValidationException esta hardcodeado en el paquete illuminate/validation, fuera de este repo. La clave añadida queda huerfana y no logra el objetivo.",True,False,False
https://api.github.com/repos/laravel/laravel/pulls/5119,0,1,0,0.045492046,mergear,"Elimina la migracion create_failed_jobs_table.php que no deberia estar presente en un proyecto Laravel recien instalado (el comando queue:failed-table es el mecanismo estandar para generarla solo cuando se necesita). Es un cambio simple, de bajo riesgo, que corrige un artefacto que no pertenece al skeleton por defecto.",False,True,False
https://api.github.com/repos/laravel/laravel/pulls/5120,0,0,0,0.10682937,no mergear,"Estos dos commits agregan una funcionalidad de negocio muy especifica y no generica (comando fakepost, jobs, eventos y listeners apuntando a un endpoint hardcodeado externo), claramente codigo de una aplicacion particular que no pertenece al repositorio skeleton laravel/laravel. Incluye codigo de baja calidad y no tiene ningun test.",True,True,True
https://api.github.com/repos/laravel/laravel/pulls/5123,0,0,0,0.038034733,no mergear,"Se agrega la opcion decrypt_password a config/database.php, pero el propio mensaje de commit reconoce que la logica que la usaria vive en el paquete laravel/framework, no en este repositorio skeleton. Sin esa contraparte, la opcion queda sin efecto (dead config) y el diff ademas introduce ruido de formato.",True,True,True
https://api.github.com/repos/sveltejs/svelte/pulls/1861,0,0,1,0.82678133,no mergear,"El cambio introduce dos mecanismos solapados para silenciar warnings sin agregar ningun test pese a que el proyecto tiene convencion clara de testear warnings. El regex que matchea contra el frame generado es fragil y no escapa warning.code, y conviven dos APIs con nombres casi identicos pero comportamiento distinto. Tocar una funcion central como warn() sin ninguna cobertura de test es demasiado riesgoso.",True,False,False
https://api.github.com/repos/sveltejs/svelte/pulls/3400,1,1,1,0.8088332,mergear,"El cambio reemplaza el tipo SourceMap importado de magic-string por object | string en la interfaz publica Processed, evitando que una dependencia externa se filtre en las declaraciones de tipos exportadas del compilador. El campo map nunca se inspecciona internamente, solo se reenvia, por lo que no hay riesgo de romper comportamiento en runtime.",True,True,True
https://api.github.com/repos/sveltejs/svelte/pulls/3437,0,1,1,0.82177615,mergear,"El cambio corrige un bug conocido de iOS Safari (auto-zoom de fuente al rotar pantalla) reemplazando reglas obsoletas de text-size-adjust por -webkit-text-size-adjust: 100% en el CSS estatico del sitio de documentacion. Esta aislado en site/static/global.css, no toca el compilador ni el runtime de Svelte.",False,False,True
https://api.github.com/repos/sveltejs/svelte/pulls/3439,1,1,1,0.6582602,mergear,"Corrige un bug real en StyleAttribute.ts, que usaba chunk.dependencies en lugar de chunk.dynamic_dependencies(), generando codigo de actualizacion condicional innecesario para estilos con valores no reactivos. Este mismo patron ya se usa consistentemente en otros wrappers analogos. Incluye un test nuevo que verifica el caso corregido.",True,True,True
https://api.github.com/repos/sveltejs/svelte/pulls/3445,1,0,1,0.7243384,no mergear,"El PR intenta arreglar la invalidacion de asignaciones pendientes en declaraciones fuera de un for, pero el propio fixture incluido demuestra que el fix esta roto: invalida foo1 dos veces y nunca invalida foo2 pese a que se usa en el template. Mergear esto dejaria un caso de reactividad rota documentado en el propio test suite del cambio.",False,True,False
https://api.github.com/repos/sveltejs/svelte/pulls/3452,1,0,1,0.5797283,no mergear,"El fix corrige en render_simple un bug real donde un {#if} con expresion sin dependencias reactivas generaba un if (...) vacio e invalido. Sin embargo, render_compound y render_compound_with_outros usan el mismo patron sin corregir, dejando el mismo bug potencial sin resolver para bloques {:else if}/{:else}. El unico test agregado cubre solo el caso simple.",False,True,False
https://api.github.com/repos/sveltejs/svelte/pulls/3489,1,1,1,0.71322024,mergear,"Agrega el logo y enlace de ""OberonSPACE"" a la seccion ""Who's using Svelte"" del sitio, siguiendo exactamente el mismo patron que decenas de entradas previas, con el orden alfabetico respetado. Es un cambio puramente aditivo en contenido estatico del sitio, sin ningun impacto en compilador o runtime.",True,True,True
https://api.github.com/repos/sveltejs/svelte/pulls/3507,1,1,1,0.73203087,mergear,"Agrega el logo y enlace de ""Bekchy"" a la misma seccion ""Who's using Svelte"", respetando el orden alfabetico y el formato identico al resto de entradas. Es un cambio aislado y aditivo sin impacto en el compilador ni runtime.",True,True,True
https://api.github.com/repos/sveltejs/svelte/pulls/3572,0,0,1,0.72508657,no mergear,"El commit agrega bind: a los atributos group={...} en app-a del tutorial ""Group inputs"", pero app-a debe representar intencionalmente el punto de partida sin resolver, siguiendo el mismo patron que el paso hermano 03-checkbox-inputs. Tras este cambio app-a queda identico a app-b, eliminando el ejercicio para el estudiante.",True,False,False
https://api.github.com/repos/h5bp/html5-boilerplate/pulls/2151,1,1,1,0.8102938,mergear,"El cambio migra correctamente de gulp 3 a gulp 4, reemplazando run-sequence (ya obsoleto) por gulp.series/gulp.parallel, agregando done() en tareas asincronas y return en streams como exige gulp 4. La migracion de Babel 6 a 7 es coherente, y el propio autor corrige en un commit posterior un error real que habia dejado, demostrando que probo el pipeline.",True,True,True
https://api.github.com/repos/h5bp/html5-boilerplate/pulls/2152,1,1,1,0.97330767,mergear,"Es un cambio puramente de formato que reindenta un archivo XML de 4 a 2 espacios, corrigiendo una inconsistencia real con la regla indent_size=2 definida en .editorconfig. Se aplica de forma consistente a ambas copias del archivo. No toca logica ni afecta al unico test relacionado.",True,True,True
https://api.github.com/repos/h5bp/html5-boilerplate/pulls/2155,1,1,1,0.973142,mergear,"El cambio actualiza un enlace de documentacion de http://ogp.me a https://ogp.me, un dominio real y valido, evitando una redireccion innecesaria. Se aplica de forma sincronizada en las dos copias del archivo Markdown, no afecta codigo ni tests.",True,True,True
